c_custkey,c_name,c_nationkey,c_mktsegment,c_acctbal
1,Customer#000000001,6,HOUSEHOLD,4226.74
2,Customer#000000002,21,BUILDING,3322.77
3,Customer#000000003,5,AUTOMOBILE,8997.92
4,Customer#000000004,1,FURNITURE,4047.57
5,Customer#000000005,11,BUILDING,4421.11
6,Customer#000000006,18,AUTOMOBILE,6446.15
7,Customer#000000007,19,HOUSEHOLD,7852.22
8,Customer#000000008,0,AUTOMOBILE,7499.66
9,Customer#000000009,18,HOUSEHOLD,6577.13
10,Customer#000000010,3,BUILDING,7050.16
11,Customer#000000011,11,FURNITURE,9291.72
12,Customer#000000012,0,BUILDING,6513.83
13,Customer#000000013,24,FURNITURE,1953.91
14,Customer#000000014,0,HOUSEHOLD,-860.68
15,Customer#000000015,6,MACHINERY,6900.04
16,Customer#000000016,15,MACHINERY,7636.85
17,Customer#000000017,18,HOUSEHOLD,974.96
18,Customer#000000018,14,AUTOMOBILE,5218.8
19,Customer#000000019,19,MACHINERY,8404.1
20,Customer#000000020,2,FURNITURE,-969.18
21,Customer#000000021,10,HOUSEHOLD,7080.67
22,Customer#000000022,24,BUILDING,8870.62
23,Customer#000000023,14,BUILDING,-36.88
24,Customer#000000024,4,AUTOMOBILE,6204.12
25,Customer#000000025,5,MACHINERY,5777.5
26,Customer#000000026,15,HOUSEHOLD,5613.63
27,Customer#000000027,9,MACHINERY,2205.01
28,Customer#000000028,6,HOUSEHOLD,4126.11
29,Customer#000000029,11,BUILDING,6132.07
30,Customer#000000030,7,FURNITURE,8103.58
31,Customer#000000031,0,FURNITURE,7115.03
32,Customer#000000032,10,BUILDING,8341.64
33,Customer#000000033,22,HOUSEHOLD,7124.44
34,Customer#000000034,5,AUTOMOBILE,8288.61
35,Customer#000000035,22,BUILDING,7493.88
36,Customer#000000036,4,HOUSEHOLD,3112.91
37,Customer#000000037,12,MACHINERY,4553.15
38,Customer#000000038,8,MACHINERY,8128.66
39,Customer#000000039,5,BUILDING,257.15
40,Customer#000000040,6,HOUSEHOLD,5990.02
41,Customer#000000041,14,BUILDING,7893.52
42,Customer#000000042,24,FURNITURE,9225.82
43,Customer#000000043,1,FURNITURE,5409.73
44,Customer#000000044,3,BUILDING,7278.08
45,Customer#000000045,10,HOUSEHOLD,368.98
46,Customer#000000046,15,MACHINERY,3367.94
47,Customer#000000047,2,BUILDING,4722.61
48,Customer#000000048,24,MACHINERY,4744.7
49,Customer#000000049,4,AUTOMOBILE,6447.97
50,Customer#000000050,12,AUTOMOBILE,6140.17
51,Customer#000000051,4,FURNITURE,5577.57
52,Customer#000000052,9,AUTOMOBILE,9575.56
53,Customer#000000053,22,FURNITURE,1717.71
54,Customer#000000054,22,FURNITURE,4218.26
55,Customer#000000055,0,AUTOMOBILE,135.0
56,Customer#000000056,20,AUTOMOBILE,-926.91
57,Customer#000000057,6,BUILDING,9544.21
58,Customer#000000058,15,AUTOMOBILE,494.16
59,Customer#000000059,14,FURNITURE,4988.17
60,Customer#000000060,19,BUILDING,4048.45
61,Customer#000000061,18,AUTOMOBILE,4792.99
62,Customer#000000062,22,BUILDING,3498.05
63,Customer#000000063,9,FURNITURE,3032.37
64,Customer#000000064,21,BUILDING,1336.5
65,Customer#000000065,0,HOUSEHOLD,5877.4
66,Customer#000000066,16,MACHINERY,1184.15
67,Customer#000000067,6,AUTOMOBILE,1679.4
68,Customer#000000068,2,BUILDING,9047.35
69,Customer#000000069,24,FURNITURE,4549.17
70,Customer#000000070,2,AUTOMOBILE,4851.92
71,Customer#000000071,14,BUILDING,4612.83
72,Customer#000000072,7,HOUSEHOLD,4365.4
73,Customer#000000073,13,AUTOMOBILE,-833.37
74,Customer#000000074,12,MACHINERY,7268.04
75,Customer#000000075,1,AUTOMOBILE,4831.43
76,Customer#000000076,2,HOUSEHOLD,4570.25
77,Customer#000000077,16,FURNITURE,948.51
78,Customer#000000078,14,FURNITURE,7577.41
79,Customer#000000079,15,FURNITURE,8374.09
80,Customer#000000080,24,AUTOMOBILE,5589.25
81,Customer#000000081,10,MACHINERY,1294.4
82,Customer#000000082,11,FURNITURE,1333.23
83,Customer#000000083,5,HOUSEHOLD,4153.35
84,Customer#000000084,6,BUILDING,746.18
85,Customer#000000085,2,BUILDING,8884.61
86,Customer#000000086,12,AUTOMOBILE,2629.74
87,Customer#000000087,15,FURNITURE,5205.18
88,Customer#000000088,12,MACHINERY,5261.25
89,Customer#000000089,11,AUTOMOBILE,2843.0
90,Customer#000000090,22,BUILDING,7828.13
91,Customer#000000091,14,AUTOMOBILE,2959.66
92,Customer#000000092,21,MACHINERY,9307.62
93,Customer#000000093,14,BUILDING,-271.84
94,Customer#000000094,18,BUILDING,5844.9
95,Customer#000000095,18,HOUSEHOLD,8081.94
96,Customer#000000096,0,MACHINERY,-667.18
97,Customer#000000097,0,MACHINERY,1220.33
98,Customer#000000098,16,MACHINERY,6275.98
99,Customer#000000099,21,MACHINERY,7015.37
100,Customer#000000100,9,HOUSEHOLD,297.04
101,Customer#000000101,20,HOUSEHOLD,5305.72
102,Customer#000000102,1,BUILDING,3429.56
103,Customer#000000103,1,AUTOMOBILE,3027.1
104,Customer#000000104,9,AUTOMOBILE,3574.66
105,Customer#000000105,24,FURNITURE,9332.83
106,Customer#000000106,2,BUILDING,8360.81
107,Customer#000000107,0,AUTOMOBILE,7560.23
108,Customer#000000108,20,BUILDING,-149.85
109,Customer#000000109,12,HOUSEHOLD,5625.43
110,Customer#000000110,8,AUTOMOBILE,2090.93
111,Customer#000000111,13,HOUSEHOLD,3126.61
112,Customer#000000112,21,MACHINERY,696.93
113,Customer#000000113,10,MACHINERY,6321.19
114,Customer#000000114,2,MACHINERY,7215.06
115,Customer#000000115,2,MACHINERY,2010.72
116,Customer#000000116,16,HOUSEHOLD,4322.41
117,Customer#000000117,9,BUILDING,6346.0
118,Customer#000000118,19,FURNITURE,1699.37
119,Customer#000000119,0,HOUSEHOLD,3706.67
120,Customer#000000120,16,FURNITURE,428.21
121,Customer#000000121,23,MACHINERY,1943.3
122,Customer#000000122,13,BUILDING,391.99
123,Customer#000000123,7,AUTOMOBILE,8313.16
124,Customer#000000124,15,MACHINERY,-218.77
125,Customer#000000125,6,BUILDING,-15.46
126,Customer#000000126,24,HOUSEHOLD,75.24
127,Customer#000000127,9,FURNITURE,-883.47
128,Customer#000000128,21,AUTOMOBILE,8069.4
129,Customer#000000129,22,AUTOMOBILE,9721.1
130,Customer#000000130,17,HOUSEHOLD,544.46
131,Customer#000000131,22,FURNITURE,921.13
132,Customer#000000132,23,HOUSEHOLD,-780.41
133,Customer#000000133,18,AUTOMOBILE,740.79
134,Customer#000000134,15,AUTOMOBILE,7421.05
135,Customer#000000135,24,FURNITURE,981.9
136,Customer#000000136,18,FURNITURE,6651.53
137,Customer#000000137,12,MACHINERY,5830.41
138,Customer#000000138,0,AUTOMOBILE,3772.96
139,Customer#000000139,7,BUILDING,522.57
140,Customer#000000140,22,HOUSEHOLD,8950.45
141,Customer#000000141,22,FURNITURE,4907.77
142,Customer#000000142,5,BUILDING,3682.24
143,Customer#000000143,19,HOUSEHOLD,7637.35
144,Customer#000000144,0,FURNITURE,2418.08
145,Customer#000000145,15,HOUSEHOLD,204.08
146,Customer#000000146,2,HOUSEHOLD,9759.04
147,Customer#000000147,7,BUILDING,2316.8
148,Customer#000000148,3,FURNITURE,1057.69
149,Customer#000000149,19,BUILDING,717.89
150,Customer#000000150,14,BUILDING,6796.75
151,Customer#000000151,12,FURNITURE,338.84
152,Customer#000000152,6,HOUSEHOLD,2100.61
153,Customer#000000153,2,MACHINERY,7627.23
154,Customer#000000154,10,HOUSEHOLD,2626.98
155,Customer#000000155,20,BUILDING,1432.31
156,Customer#000000156,19,HOUSEHOLD,170.73
157,Customer#000000157,14,MACHINERY,9314.6
158,Customer#000000158,24,FURNITURE,492.51
159,Customer#000000159,17,MACHINERY,283.95
160,Customer#000000160,17,AUTOMOBILE,3507.22
161,Customer#000000161,1,MACHINERY,-403.21
162,Customer#000000162,15,AUTOMOBILE,8635.27
163,Customer#000000163,21,AUTOMOBILE,-222.32
164,Customer#000000164,17,BUILDING,169.19
165,Customer#000000165,17,HOUSEHOLD,3092.28
166,Customer#000000166,4,FURNITURE,6086.52
167,Customer#000000167,9,BUILDING,2113.2
168,Customer#000000168,20,MACHINERY,8197.33
169,Customer#000000169,24,MACHINERY,9776.22
170,Customer#000000170,3,BUILDING,7580.31
171,Customer#000000171,0,BUILDING,-464.23
172,Customer#000000172,15,MACHINERY,6662.38
173,Customer#000000173,1,AUTOMOBILE,9875.32
174,Customer#000000174,9,MACHINERY,6528.61
175,Customer#000000175,15,MACHINERY,6960.85
176,Customer#000000176,14,MACHINERY,-629.36
177,Customer#000000177,12,AUTOMOBILE,4529.15
178,Customer#000000178,18,MACHINERY,19.91
179,Customer#000000179,14,AUTOMOBILE,7453.34
180,Customer#000000180,4,FURNITURE,3268.09
181,Customer#000000181,15,AUTOMOBILE,-111.98
182,Customer#000000182,20,MACHINERY,6865.45
183,Customer#000000183,0,HOUSEHOLD,827.92
184,Customer#000000184,22,AUTOMOBILE,8375.6
185,Customer#000000185,0,HOUSEHOLD,208.09
186,Customer#000000186,2,FURNITURE,214.83
187,Customer#000000187,0,FURNITURE,8021.11
188,Customer#000000188,15,HOUSEHOLD,168.18
189,Customer#000000189,8,AUTOMOBILE,5418.36
190,Customer#000000190,21,HOUSEHOLD,4832.28
191,Customer#000000191,1,FURNITURE,9405.08
192,Customer#000000192,11,AUTOMOBILE,7650.19
193,Customer#000000193,8,AUTOMOBILE,9054.9
194,Customer#000000194,10,FURNITURE,9866.33
195,Customer#000000195,16,BUILDING,4035.9
196,Customer#000000196,2,HOUSEHOLD,-661.08
197,Customer#000000197,15,BUILDING,8382.11
198,Customer#000000198,3,BUILDING,5720.39
199,Customer#000000199,6,BUILDING,-629.99
200,Customer#000000200,21,MACHINERY,5140.15
201,Customer#000000201,7,AUTOMOBILE,7622.54
202,Customer#000000202,11,BUILDING,6744.2
203,Customer#000000203,12,HOUSEHOLD,5051.39
204,Customer#000000204,1,HOUSEHOLD,9778.88
205,Customer#000000205,20,BUILDING,416.22
206,Customer#000000206,13,AUTOMOBILE,3671.19
207,Customer#000000207,20,MACHINERY,8911.22
208,Customer#000000208,11,HOUSEHOLD,8141.52
209,Customer#000000209,12,BUILDING,-856.61
210,Customer#000000210,7,AUTOMOBILE,-11.68
211,Customer#000000211,12,HOUSEHOLD,4699.3
212,Customer#000000212,5,MACHINERY,-569.11
213,Customer#000000213,17,HOUSEHOLD,5214.97
214,Customer#000000214,22,FURNITURE,6413.94
215,Customer#000000215,18,MACHINERY,1176.88
216,Customer#000000216,5,FURNITURE,3300.67
217,Customer#000000217,16,AUTOMOBILE,3888.54
218,Customer#000000218,10,HOUSEHOLD,3713.01
219,Customer#000000219,5,AUTOMOBILE,-816.38
220,Customer#000000220,8,MACHINERY,-364.28
221,Customer#000000221,18,FURNITURE,-197.28
222,Customer#000000222,0,HOUSEHOLD,3008.1
223,Customer#000000223,1,BUILDING,1576.13
224,Customer#000000224,15,HOUSEHOLD,7778.07
225,Customer#000000225,19,HOUSEHOLD,4041.96
226,Customer#000000226,14,BUILDING,9014.58
227,Customer#000000227,15,AUTOMOBILE,2964.68
228,Customer#000000228,6,AUTOMOBILE,1337.43
229,Customer#000000229,13,MACHINERY,3182.05
230,Customer#000000230,9,HOUSEHOLD,3643.92
231,Customer#000000231,12,AUTOMOBILE,6476.62
232,Customer#000000232,7,BUILDING,2998.69
233,Customer#000000233,5,FURNITURE,8473.72
234,Customer#000000234,13,FURNITURE,7598.94
235,Customer#000000235,20,HOUSEHOLD,8476.5
236,Customer#000000236,6,FURNITURE,4697.07
237,Customer#000000237,2,FURNITURE,-558.44
238,Customer#000000238,12,FURNITURE,329.87
239,Customer#000000239,13,MACHINERY,4516.43
240,Customer#000000240,8,HOUSEHOLD,9909.84
241,Customer#000000241,21,HOUSEHOLD,-249.62
242,Customer#000000242,9,FURNITURE,4010.82
243,Customer#000000243,1,BUILDING,8640.94
244,Customer#000000244,6,MACHINERY,7795.98
245,Customer#000000245,24,BUILDING,9860.79
246,Customer#000000246,10,BUILDING,-710.66
247,Customer#000000247,22,FURNITURE,2681.48
248,Customer#000000248,0,MACHINERY,858.12
249,Customer#000000249,21,HOUSEHOLD,729.01
250,Customer#000000250,4,MACHINERY,8745.15
251,Customer#000000251,20,MACHINERY,8858.67
252,Customer#000000252,8,AUTOMOBILE,2106.42
253,Customer#000000253,8,HOUSEHOLD,1739.02
254,Customer#000000254,2,MACHINERY,-716.4
255,Customer#000000255,4,AUTOMOBILE,4883.51
256,Customer#000000256,14,AUTOMOBILE,4463.26
257,Customer#000000257,4,FURNITURE,9988.79
258,Customer#000000258,24,FURNITURE,1178.44
259,Customer#000000259,15,FURNITURE,7898.02
260,Customer#000000260,23,AUTOMOBILE,7721.19
261,Customer#000000261,23,HOUSEHOLD,7510.98
262,Customer#000000262,4,FURNITURE,323.88
263,Customer#000000263,4,MACHINERY,7720.59
264,Customer#000000264,17,BUILDING,2299.15
265,Customer#000000265,8,BUILDING,4551.38
266,Customer#000000266,1,HOUSEHOLD,8922.63
267,Customer#000000267,17,FURNITURE,3021.92
268,Customer#000000268,0,FURNITURE,2801.12
269,Customer#000000269,23,HOUSEHOLD,1453.16
270,Customer#000000270,5,HOUSEHOLD,6519.91
271,Customer#000000271,5,MACHINERY,1947.39
272,Customer#000000272,18,BUILDING,8140.95
273,Customer#000000273,12,HOUSEHOLD,9566.09
274,Customer#000000274,8,AUTOMOBILE,3765.5
275,Customer#000000275,8,AUTOMOBILE,4701.33
276,Customer#000000276,9,BUILDING,92.71
277,Customer#000000277,2,HOUSEHOLD,6523.99
278,Customer#000000278,15,BUILDING,8678.78
279,Customer#000000279,3,MACHINERY,-668.85
280,Customer#000000280,14,FURNITURE,3417.39
281,Customer#000000281,8,MACHINERY,6314.65
282,Customer#000000282,14,HOUSEHOLD,5501.21
283,Customer#000000283,23,HOUSEHOLD,9677.39
284,Customer#000000284,8,AUTOMOBILE,429.97
285,Customer#000000285,2,HOUSEHOLD,712.77
286,Customer#000000286,13,BUILDING,106.47
287,Customer#000000287,12,BUILDING,7079.37
288,Customer#000000288,5,MACHINERY,9530.49
289,Customer#000000289,12,AUTOMOBILE,6499.4
290,Customer#000000290,14,AUTOMOBILE,9203.45
291,Customer#000000291,14,FURNITURE,3811.84
292,Customer#000000292,12,HOUSEHOLD,303.91
293,Customer#000000293,1,AUTOMOBILE,-645.61
294,Customer#000000294,17,AUTOMOBILE,4948.99
295,Customer#000000295,4,AUTOMOBILE,7196.24
296,Customer#000000296,1,FURNITURE,4020.45
297,Customer#000000297,10,BUILDING,4746.59
298,Customer#000000298,0,MACHINERY,9193.95
299,Customer#000000299,6,BUILDING,2171.83
300,Customer#000000300,2,MACHINERY,-878.24
301,Customer#000000301,13,FURNITURE,9287.71
302,Customer#000000302,1,HOUSEHOLD,859.61
303,Customer#000000303,8,HOUSEHOLD,2617.56
304,Customer#000000304,1,AUTOMOBILE,7855.11
305,Customer#000000305,22,HOUSEHOLD,3798.5
306,Customer#000000306,24,MACHINERY,9792.29
307,Customer#000000307,14,MACHINERY,8308.84
308,Customer#000000308,18,HOUSEHOLD,5061.92
309,Customer#000000309,4,AUTOMOBILE,3481.79
310,Customer#000000310,11,MACHINERY,4286.02
311,Customer#000000311,22,BUILDING,5323.64
312,Customer#000000312,17,HOUSEHOLD,9918.03
313,Customer#000000313,12,FURNITURE,1109.21
314,Customer#000000314,18,AUTOMOBILE,1570.21
315,Customer#000000315,0,MACHINERY,2436.9
316,Customer#000000316,18,MACHINERY,3184.35
317,Customer#000000317,7,MACHINERY,7881.08
318,Customer#000000318,8,AUTOMOBILE,6167.33
319,Customer#000000319,8,HOUSEHOLD,5390.98
320,Customer#000000320,10,AUTOMOBILE,3142.86
321,Customer#000000321,7,BUILDING,7812.8
322,Customer#000000322,16,BUILDING,8478.24
323,Customer#000000323,10,MACHINERY,8771.87
324,Customer#000000324,11,FURNITURE,9826.22
325,Customer#000000325,12,FURNITURE,5581.96
326,Customer#000000326,12,FURNITURE,3433.08
327,Customer#000000327,20,FURNITURE,3524.76
328,Customer#000000328,10,MACHINERY,4165.63
329,Customer#000000329,23,BUILDING,248.35
330,Customer#000000330,2,MACHINERY,9180.86
331,Customer#000000331,10,HOUSEHOLD,-990.09
332,Customer#000000332,6,AUTOMOBILE,819.2
333,Customer#000000333,2,HOUSEHOLD,5919.39
334,Customer#000000334,15,HOUSEHOLD,6020.98
335,Customer#000000335,4,AUTOMOBILE,2169.5
336,Customer#000000336,9,AUTOMOBILE,874.79
337,Customer#000000337,18,FURNITURE,9389.6
338,Customer#000000338,9,AUTOMOBILE,9518.9
339,Customer#000000339,11,BUILDING,7326.75
340,Customer#000000340,22,BUILDING,5555.48
341,Customer#000000341,13,BUILDING,3758.62
342,Customer#000000342,12,FURNITURE,8605.31
343,Customer#000000343,20,AUTOMOBILE,1505.62
344,Customer#000000344,20,FURNITURE,8715.84
345,Customer#000000345,9,MACHINERY,-579.64
346,Customer#000000346,18,AUTOMOBILE,2854.47
347,Customer#000000347,3,HOUSEHOLD,6155.99
348,Customer#000000348,7,MACHINERY,724.37
349,Customer#000000349,16,BUILDING,5855.97
350,Customer#000000350,24,MACHINERY,6648.44
351,Customer#000000351,13,AUTOMOBILE,6315.34
352,Customer#000000352,9,FURNITURE,529.54
353,Customer#000000353,9,FURNITURE,553.06
354,Customer#000000354,12,BUILDING,1800.72
355,Customer#000000355,13,MACHINERY,-589.33
356,Customer#000000356,12,BUILDING,8198.65
357,Customer#000000357,14,AUTOMOBILE,4437.36
358,Customer#000000358,20,MACHINERY,3673.82
359,Customer#000000359,16,BUILDING,7878.56
360,Customer#000000360,5,BUILDING,3653.77
361,Customer#000000361,14,FURNITURE,805.05
362,Customer#000000362,12,HOUSEHOLD,30.23
363,Customer#000000363,16,AUTOMOBILE,1658.95
364,Customer#000000364,16,AUTOMOBILE,4874.15
365,Customer#000000365,17,AUTOMOBILE,2963.84
366,Customer#000000366,10,FURNITURE,9766.61
367,Customer#000000367,8,HOUSEHOLD,1861.81
368,Customer#000000368,8,AUTOMOBILE,2901.52
369,Customer#000000369,23,AUTOMOBILE,4569.75
370,Customer#000000370,12,HOUSEHOLD,2379.0
371,Customer#000000371,5,HOUSEHOLD,3214.34
372,Customer#000000372,21,FURNITURE,4732.19
373,Customer#000000373,0,FURNITURE,2479.28
374,Customer#000000374,18,HOUSEHOLD,8035.64
375,Customer#000000375,1,HOUSEHOLD,6724.07
376,Customer#000000376,1,AUTOMOBILE,9103.63
377,Customer#000000377,9,BUILDING,-998.01
378,Customer#000000378,0,FURNITURE,8363.85
379,Customer#000000379,15,HOUSEHOLD,1302.27
380,Customer#000000380,15,BUILDING,9679.81
381,Customer#000000381,13,FURNITURE,3833.3
382,Customer#000000382,21,MACHINERY,8039.04
383,Customer#000000383,8,FURNITURE,5443.01
384,Customer#000000384,11,HOUSEHOLD,980.34
385,Customer#000000385,8,BUILDING,4355.64
386,Customer#000000386,21,FURNITURE,9166.57
387,Customer#000000387,20,MACHINERY,6912.56
388,Customer#000000388,23,AUTOMOBILE,1167.07
389,Customer#000000389,10,AUTOMOBILE,6958.44
390,Customer#000000390,6,MACHINERY,-116.42
391,Customer#000000391,11,BUILDING,9754.42
392,Customer#000000392,4,MACHINERY,1036.96
393,Customer#000000393,2,HOUSEHOLD,2631.77
394,Customer#000000394,14,AUTOMOBILE,8253.9
395,Customer#000000395,5,MACHINERY,1977.55
396,Customer#000000396,17,FURNITURE,2317.47
397,Customer#000000397,19,FURNITURE,7914.66
398,Customer#000000398,24,AUTOMOBILE,7541.66
399,Customer#000000399,11,HOUSEHOLD,7142.11
400,Customer#000000400,14,AUTOMOBILE,8914.01
401,Customer#000000401,4,HOUSEHOLD,5540.73
402,Customer#000000402,19,MACHINERY,575.72
403,Customer#000000403,19,MACHINERY,6923.09
404,Customer#000000404,14,FURNITURE,8246.54
405,Customer#000000405,1,HOUSEHOLD,3767.12
406,Customer#000000406,7,FURNITURE,-587.18
407,Customer#000000407,23,HOUSEHOLD,6681.24
408,Customer#000000408,14,AUTOMOBILE,8020.37
409,Customer#000000409,16,HOUSEHOLD,-700.82
410,Customer#000000410,10,FURNITURE,9981.35
411,Customer#000000411,22,MACHINERY,4491.71
412,Customer#000000412,21,FURNITURE,1594.92
413,Customer#000000413,15,MACHINERY,5062.88
414,Customer#000000414,16,BUILDING,8851.74
415,Customer#000000415,17,FURNITURE,3166.52
416,Customer#000000416,8,MACHINERY,4838.7
417,Customer#000000417,2,AUTOMOBILE,4928.02
418,Customer#000000418,5,HOUSEHOLD,7078.72
419,Customer#000000419,5,AUTOMOBILE,-681.01
420,Customer#000000420,13,AUTOMOBILE,3986.6
421,Customer#000000421,0,FURNITURE,3195.72
422,Customer#000000422,19,MACHINERY,5531.98
423,Customer#000000423,6,BUILDING,2642.84
424,Customer#000000424,11,MACHINERY,8688.25
425,Customer#000000425,20,HOUSEHOLD,6385.45
426,Customer#000000426,3,HOUSEHOLD,7817.15
427,Customer#000000427,22,FURNITURE,2083.31
428,Customer#000000428,9,FURNITURE,3519.02
429,Customer#000000429,8,MACHINERY,5744.3
430,Customer#000000430,23,HOUSEHOLD,9994.38
431,Customer#000000431,3,AUTOMOBILE,2193.87
432,Customer#000000432,18,MACHINERY,6152.45
433,Customer#000000433,20,MACHINERY,4342.01
434,Customer#000000434,1,MACHINERY,6223.21
435,Customer#000000435,16,MACHINERY,730.25
436,Customer#000000436,11,FURNITURE,5767.9
437,Customer#000000437,15,HOUSEHOLD,8827.23
438,Customer#000000438,5,FURNITURE,1372.43
439,Customer#000000439,24,MACHINERY,-447.25
440,Customer#000000440,5,AUTOMOBILE,6543.55
441,Customer#000000441,12,FURNITURE,3891.5
442,Customer#000000442,0,AUTOMOBILE,1842.91
443,Customer#000000443,10,MACHINERY,-793.99
444,Customer#000000444,8,AUTOMOBILE,3552.11
445,Customer#000000445,23,BUILDING,3001.12
446,Customer#000000446,23,MACHINERY,1907.38
447,Customer#000000447,22,HOUSEHOLD,2872.12
448,Customer#000000448,1,HOUSEHOLD,6811.07
449,Customer#000000449,24,HOUSEHOLD,2735.26
450,Customer#000000450,24,AUTOMOBILE,7877.95
451,Customer#000000451,0,HOUSEHOLD,8365.01
452,Customer#000000452,12,MACHINERY,8704.54
453,Customer#000000453,5,BUILDING,1183.25
454,Customer#000000454,4,AUTOMOBILE,-267.5
455,Customer#000000455,11,BUILDING,8217.06
456,Customer#000000456,9,BUILDING,3911.56
457,Customer#000000457,19,HOUSEHOLD,6029.96
458,Customer#000000458,1,MACHINERY,9388.84
459,Customer#000000459,16,HOUSEHOLD,6063.64
460,Customer#000000460,3,FURNITURE,6304.74
461,Customer#000000461,7,FURNITURE,7614.21
462,Customer#000000462,20,AUTOMOBILE,-103.95
463,Customer#000000463,18,HOUSEHOLD,6385.96
464,Customer#000000464,9,FURNITURE,4045.66
465,Customer#000000465,24,BUILDING,839.71
466,Customer#000000466,24,BUILDING,4810.53
467,Customer#000000467,3,MACHINERY,-207.57
468,Customer#000000468,13,FURNITURE,5205.67
469,Customer#000000469,6,HOUSEHOLD,6789.3
470,Customer#000000470,20,BUILDING,6945.17
471,Customer#000000471,13,FURNITURE,1802.31
472,Customer#000000472,0,HOUSEHOLD,9246.22
473,Customer#000000473,8,BUILDING,1566.16
474,Customer#000000474,17,AUTOMOBILE,3110.88
475,Customer#000000475,20,MACHINERY,5772.84
476,Customer#000000476,17,MACHINERY,817.25
477,Customer#000000477,13,BUILDING,2686.1
478,Customer#000000478,21,MACHINERY,104.8
479,Customer#000000479,9,HOUSEHOLD,7076.98
480,Customer#000000480,15,MACHINERY,5501.68
481,Customer#000000481,7,BUILDING,7762.12
482,Customer#000000482,7,AUTOMOBILE,2399.12
483,Customer#000000483,21,FURNITURE,374.58
484,Customer#000000484,23,AUTOMOBILE,9752.03
485,Customer#000000485,5,HOUSEHOLD,3298.88
486,Customer#000000486,10,MACHINERY,7343.96
487,Customer#000000487,2,FURNITURE,1542.79
488,Customer#000000488,3,AUTOMOBILE,8532.57
489,Customer#000000489,16,FURNITURE,7794.76
490,Customer#000000490,13,AUTOMOBILE,3337.63
491,Customer#000000491,16,FURNITURE,3019.52
492,Customer#000000492,24,FURNITURE,7383.37
493,Customer#000000493,6,MACHINERY,3854.56
494,Customer#000000494,1,FURNITURE,5476.05
495,Customer#000000495,1,MACHINERY,-478.16
496,Customer#000000496,5,FURNITURE,6720.14
497,Customer#000000497,20,FURNITURE,8493.53
498,Customer#000000498,1,MACHINERY,3270.12
499,Customer#000000499,1,HOUSEHOLD,8341.19
500,Customer#000000500,5,HOUSEHOLD,5823.06
501,Customer#000000501,0,HOUSEHOLD,-159.72
502,Customer#000000502,12,FURNITURE,3477.54
503,Customer#000000503,5,FURNITURE,241.95
504,Customer#000000504,7,FURNITURE,-964.44
505,Customer#000000505,13,MACHINERY,-46.2
506,Customer#000000506,17,FURNITURE,1152.59
507,Customer#000000507,7,HOUSEHOLD,2641.01
508,Customer#000000508,5,MACHINERY,2614.2
509,Customer#000000509,2,BUILDING,4636.06
510,Customer#000000510,4,FURNITURE,2437.32
511,Customer#000000511,24,FURNITURE,-538.36
512,Customer#000000512,9,MACHINERY,8216.57
513,Customer#000000513,7,MACHINERY,3789.56
514,Customer#000000514,21,MACHINERY,5332.47
515,Customer#000000515,1,HOUSEHOLD,6280.89
516,Customer#000000516,4,BUILDING,1191.68
517,Customer#000000517,20,MACHINERY,7216.05
518,Customer#000000518,20,AUTOMOBILE,444.77
519,Customer#000000519,5,MACHINERY,-306.28
520,Customer#000000520,3,MACHINERY,1778.43
521,Customer#000000521,13,BUILDING,6775.92
522,Customer#000000522,15,MACHINERY,4041.7
523,Customer#000000523,17,HOUSEHOLD,5999.84
524,Customer#000000524,1,FURNITURE,8111.21
525,Customer#000000525,17,AUTOMOBILE,1717.92
526,Customer#000000526,11,AUTOMOBILE,9771.97
527,Customer#000000527,18,AUTOMOBILE,7500.97
528,Customer#000000528,2,FURNITURE,4122.91
529,Customer#000000529,22,MACHINERY,-89.07
530,Customer#000000530,19,HOUSEHOLD,5854.1
531,Customer#000000531,0,MACHINERY,7678.6
532,Customer#000000532,12,FURNITURE,6848.92
533,Customer#000000533,4,AUTOMOBILE,2098.59
534,Customer#000000534,12,BUILDING,4851.01
535,Customer#000000535,1,MACHINERY,6783.96
536,Customer#000000536,10,FURNITURE,6593.59
537,Customer#000000537,5,MACHINERY,-937.91
538,Customer#000000538,3,BUILDING,9732.8
539,Customer#000000539,21,MACHINERY,6829.95
540,Customer#000000540,8,MACHINERY,1703.41
541,Customer#000000541,7,MACHINERY,3499.29
542,Customer#000000542,5,HOUSEHOLD,-903.27
543,Customer#000000543,16,AUTOMOBILE,2200.96
544,Customer#000000544,1,FURNITURE,2538.42
545,Customer#000000545,21,MACHINERY,7088.9
546,Customer#000000546,21,AUTOMOBILE,3161.51
547,Customer#000000547,0,MACHINERY,7054.47
548,Customer#000000548,15,MACHINERY,5328.02
549,Customer#000000549,2,BUILDING,157.13
550,Customer#000000550,12,MACHINERY,746.83
551,Customer#000000551,14,BUILDING,5405.29
552,Customer#000000552,21,FURNITURE,9018.66
553,Customer#000000553,21,MACHINERY,9519.4
554,Customer#000000554,5,MACHINERY,8789.23
555,Customer#000000555,12,AUTOMOBILE,8442.52
556,Customer#000000556,9,HOUSEHOLD,2085.41
557,Customer#000000557,13,AUTOMOBILE,9338.29
558,Customer#000000558,10,MACHINERY,-801.19
559,Customer#000000559,6,MACHINERY,2515.64
560,Customer#000000560,16,BUILDING,4872.35
561,Customer#000000561,5,AUTOMOBILE,3333.79
562,Customer#000000562,23,AUTOMOBILE,7710.4
563,Customer#000000563,10,HOUSEHOLD,252.89
564,Customer#000000564,10,BUILDING,5186.35
565,Customer#000000565,3,AUTOMOBILE,7952.42
566,Customer#000000566,5,HOUSEHOLD,8667.35
567,Customer#000000567,7,AUTOMOBILE,9954.3
568,Customer#000000568,13,HOUSEHOLD,6579.51
569,Customer#000000569,8,MACHINERY,7344.67
570,Customer#000000570,7,HOUSEHOLD,1998.79
571,Customer#000000571,7,HOUSEHOLD,-451.42
572,Customer#000000572,23,MACHINERY,6277.16
573,Customer#000000573,16,MACHINERY,6188.67
574,Customer#000000574,13,BUILDING,7464.92
575,Customer#000000575,19,HOUSEHOLD,1309.78
576,Customer#000000576,9,AUTOMOBILE,5204.06
577,Customer#000000577,17,AUTOMOBILE,730.64
578,Customer#000000578,23,AUTOMOBILE,3324.15
579,Customer#000000579,10,BUILDING,8313.43
580,Customer#000000580,15,AUTOMOBILE,5029.7
581,Customer#000000581,11,BUILDING,7628.98
582,Customer#000000582,3,BUILDING,1090.83
583,Customer#000000583,23,MACHINERY,-257.38
584,Customer#000000584,21,MACHINERY,8044.82
585,Customer#000000585,10,FURNITURE,7788.27
586,Customer#000000586,9,FURNITURE,9048.46
587,Customer#000000587,23,BUILDING,4903.17
588,Customer#000000588,9,FURNITURE,7606.3
589,Customer#000000589,15,FURNITURE,9317.52
590,Customer#000000590,5,BUILDING,1691.0
591,Customer#000000591,8,HOUSEHOLD,2308.31
592,Customer#000000592,1,MACHINERY,3199.66
593,Customer#000000593,3,MACHINERY,3793.96
594,Customer#000000594,17,BUILDING,3144.18
595,Customer#000000595,21,HOUSEHOLD,1352.56
596,Customer#000000596,8,HOUSEHOLD,3928.68
597,Customer#000000597,9,FURNITURE,1541.5
598,Customer#000000598,22,MACHINERY,3407.57
599,Customer#000000599,15,AUTOMOBILE,-512.26
600,Customer#000000600,13,MACHINERY,4169.09
601,Customer#000000601,18,HOUSEHOLD,2171.27
602,Customer#000000602,13,HOUSEHOLD,8620.72
603,Customer#000000603,2,MACHINERY,4264.77
604,Customer#000000604,5,BUILDING,4613.4
605,Customer#000000605,5,MACHINERY,4498.74
606,Customer#000000606,23,MACHINERY,5877.79
607,Customer#000000607,24,FURNITURE,632.53
608,Customer#000000608,0,AUTOMOBILE,-701.52
609,Customer#000000609,18,MACHINERY,8779.49
610,Customer#000000610,5,FURNITURE,9992.1
611,Customer#000000611,2,FURNITURE,8665.58
612,Customer#000000612,20,MACHINERY,4485.28
613,Customer#000000613,18,HOUSEHOLD,8292.44
614,Customer#000000614,24,BUILDING,2407.81
615,Customer#000000615,1,BUILDING,4276.05
616,Customer#000000616,12,AUTOMOBILE,5191.32
617,Customer#000000617,9,AUTOMOBILE,8240.64
618,Customer#000000618,23,HOUSEHOLD,3439.86
619,Customer#000000619,16,HOUSEHOLD,8520.3
620,Customer#000000620,5,BUILDING,6498.09
621,Customer#000000621,6,FURNITURE,1065.02
622,Customer#000000622,18,BUILDING,4285.08
623,Customer#000000623,7,MACHINERY,5557.35
624,Customer#000000624,5,AUTOMOBILE,7212.93
625,Customer#000000625,5,AUTOMOBILE,7396.36
626,Customer#000000626,2,FURNITURE,2313.41
627,Customer#000000627,22,FURNITURE,1494.6
628,Customer#000000628,16,MACHINERY,3294.7
629,Customer#000000629,22,MACHINERY,2381.53
630,Customer#000000630,5,MACHINERY,3880.26
631,Customer#000000631,4,BUILDING,-916.69
632,Customer#000000632,10,MACHINERY,684.12
633,Customer#000000633,10,FURNITURE,173.66
634,Customer#000000634,5,BUILDING,-52.73
635,Customer#000000635,10,AUTOMOBILE,-574.34
636,Customer#000000636,3,MACHINERY,-133.32
637,Customer#000000637,17,BUILDING,5317.77
638,Customer#000000638,18,BUILDING,8755.06
639,Customer#000000639,8,AUTOMOBILE,1824.88
640,Customer#000000640,0,FURNITURE,-79.14
641,Customer#000000641,5,FURNITURE,7232.78
642,Customer#000000642,24,FURNITURE,2885.79
643,Customer#000000643,23,HOUSEHOLD,9301.67
644,Customer#000000644,9,HOUSEHOLD,9094.75
645,Customer#000000645,19,HOUSEHOLD,-315.01
646,Customer#000000646,23,BUILDING,6086.41
647,Customer#000000647,15,MACHINERY,8840.03
648,Customer#000000648,9,FURNITURE,8356.92
649,Customer#000000649,18,BUILDING,9844.58
650,Customer#000000650,0,MACHINERY,6731.27
651,Customer#000000651,23,AUTOMOBILE,4099.99
652,Customer#000000652,24,AUTOMOBILE,5368.71
653,Customer#000000653,4,HOUSEHOLD,6144.41
654,Customer#000000654,21,BUILDING,-62.71
655,Customer#000000655,12,FURNITURE,8587.23
656,Customer#000000656,5,MACHINERY,1893.64
657,Customer#000000657,5,AUTOMOBILE,7736.9
658,Customer#000000658,5,HOUSEHOLD,5811.77
659,Customer#000000659,17,HOUSEHOLD,4414.79
660,Customer#000000660,6,HOUSEHOLD,4484.69
661,Customer#000000661,9,MACHINERY,8075.22
662,Customer#000000662,10,AUTOMOBILE,2743.04
663,Customer#000000663,15,BUILDING,7755.92
664,Customer#000000664,8,FURNITURE,2391.14
665,Customer#000000665,19,HOUSEHOLD,1265.97
666,Customer#000000666,11,BUILDING,4318.49
667,Customer#000000667,15,HOUSEHOLD,4686.98
668,Customer#000000668,24,MACHINERY,5735.62
669,Customer#000000669,6,BUILDING,1325.29
670,Customer#000000670,5,AUTOMOBILE,9033.85
671,Customer#000000671,14,HOUSEHOLD,6844.57
672,Customer#000000672,4,HOUSEHOLD,5411.7
673,Customer#000000673,2,FURNITURE,1831.77
674,Customer#000000674,16,HOUSEHOLD,2880.68
675,Customer#000000675,18,FURNITURE,297.09
676,Customer#000000676,4,FURNITURE,4151.83
677,Customer#000000677,4,BUILDING,7781.4
678,Customer#000000678,8,HOUSEHOLD,1355.51
679,Customer#000000679,10,BUILDING,6466.87
680,Customer#000000680,4,MACHINERY,4842.28
681,Customer#000000681,23,MACHINERY,2966.17
682,Customer#000000682,3,HOUSEHOLD,2019.66
683,Customer#000000683,17,MACHINERY,9084.97
684,Customer#000000684,0,HOUSEHOLD,3292.36
685,Customer#000000685,23,FURNITURE,8182.75
686,Customer#000000686,24,MACHINERY,6739.15
687,Customer#000000687,23,BUILDING,-53.45
688,Customer#000000688,16,MACHINERY,7374.45
689,Customer#000000689,8,MACHINERY,2545.39
690,Customer#000000690,7,HOUSEHOLD,2319.09
691,Customer#000000691,12,HOUSEHOLD,2766.13
692,Customer#000000692,19,AUTOMOBILE,8373.52
693,Customer#000000693,24,BUILDING,7324.12
694,Customer#000000694,12,BUILDING,275.91
695,Customer#000000695,24,FURNITURE,3017.99
696,Customer#000000696,20,BUILDING,381.98
697,Customer#000000697,2,MACHINERY,4793.08
698,Customer#000000698,19,MACHINERY,6164.84
699,Customer#000000699,14,AUTOMOBILE,9562.83
700,Customer#000000700,15,HOUSEHOLD,6069.35
701,Customer#000000701,11,AUTOMOBILE,1153.52
702,Customer#000000702,3,AUTOMOBILE,4270.07
703,Customer#000000703,13,FURNITURE,9073.07
704,Customer#000000704,14,MACHINERY,3854.09
705,Customer#000000705,22,HOUSEHOLD,-520.17
706,Customer#000000706,5,AUTOMOBILE,3749.95
707,Customer#000000707,23,MACHINERY,6183.54
708,Customer#000000708,20,BUILDING,7430.07
709,Customer#000000709,14,FURNITURE,1301.97
710,Customer#000000710,5,MACHINERY,8164.55
711,Customer#000000711,10,HOUSEHOLD,-388.02
712,Customer#000000712,6,HOUSEHOLD,3742.28
713,Customer#000000713,12,AUTOMOBILE,6562.55
714,Customer#000000714,24,FURNITURE,2253.49
715,Customer#000000715,20,HOUSEHOLD,49.48
716,Customer#000000716,21,HOUSEHOLD,6085.0
717,Customer#000000717,23,AUTOMOBILE,2869.25
718,Customer#000000718,7,HOUSEHOLD,5556.42
719,Customer#000000719,13,HOUSEHOLD,7519.78
720,Customer#000000720,23,AUTOMOBILE,5701.43
721,Customer#000000721,22,MACHINERY,9396.71
722,Customer#000000722,6,HOUSEHOLD,3431.73
723,Customer#000000723,2,BUILDING,2766.36
724,Customer#000000724,21,MACHINERY,3239.86
725,Customer#000000725,13,HOUSEHOLD,2187.17
726,Customer#000000726,4,HOUSEHOLD,3463.43
727,Customer#000000727,10,FURNITURE,7231.53
728,Customer#000000728,3,MACHINERY,-634.78
729,Customer#000000729,20,HOUSEHOLD,7493.45
730,Customer#000000730,9,AUTOMOBILE,3822.43
731,Customer#000000731,2,HOUSEHOLD,3963.87
732,Customer#000000732,3,MACHINERY,2506.27
733,Customer#000000733,22,HOUSEHOLD,1433.01
734,Customer#000000734,4,HOUSEHOLD,1189.33
735,Customer#000000735,0,FURNITURE,2327.33
736,Customer#000000736,7,MACHINERY,7521.01
737,Customer#000000737,1,BUILDING,-824.27
738,Customer#000000738,10,BUILDING,9825.58
739,Customer#000000739,6,MACHINERY,2847.73
740,Customer#000000740,3,MACHINERY,1883.03
741,Customer#000000741,17,FURNITURE,-90.37
742,Customer#000000742,7,MACHINERY,363.65
743,Customer#000000743,14,HOUSEHOLD,5708.15
744,Customer#000000744,23,FURNITURE,7645.85
745,Customer#000000745,14,AUTOMOBILE,8873.16
746,Customer#000000746,24,BUILDING,2378.57
747,Customer#000000747,16,HOUSEHOLD,5179.43
748,Customer#000000748,17,AUTOMOBILE,8420.11
749,Customer#000000749,9,FURNITURE,6878.46
750,Customer#000000750,20,FURNITURE,7326.37
751,Customer#000000751,13,HOUSEHOLD,5704.16
752,Customer#000000752,3,MACHINERY,26.07
753,Customer#000000753,20,MACHINERY,-933.17
754,Customer#000000754,19,BUILDING,8005.83
755,Customer#000000755,6,MACHINERY,8551.17
756,Customer#000000756,21,AUTOMOBILE,3567.37
757,Customer#000000757,10,HOUSEHOLD,8833.13
758,Customer#000000758,5,MACHINERY,9010.37
759,Customer#000000759,19,MACHINERY,6187.26
760,Customer#000000760,17,HOUSEHOLD,1827.56
761,Customer#000000761,12,AUTOMOBILE,-425.22
762,Customer#000000762,14,BUILDING,7803.14
763,Customer#000000763,19,MACHINERY,5699.87
764,Customer#000000764,5,BUILDING,237.05
765,Customer#000000765,11,FURNITURE,5942.83
766,Customer#000000766,11,HOUSEHOLD,6244.82
767,Customer#000000767,1,HOUSEHOLD,6384.24
768,Customer#000000768,14,AUTOMOBILE,5052.85
769,Customer#000000769,17,HOUSEHOLD,836.63
770,Customer#000000770,14,HOUSEHOLD,6975.92
771,Customer#000000771,14,AUTOMOBILE,7727.96
772,Customer#000000772,0,BUILDING,7610.35
773,Customer#000000773,8,FURNITURE,6016.06
774,Customer#000000774,13,HOUSEHOLD,3846.59
775,Customer#000000775,2,FURNITURE,529.92
776,Customer#000000776,0,MACHINERY,5090.51
777,Customer#000000777,21,HOUSEHOLD,9267.28
778,Customer#000000778,12,HOUSEHOLD,5907.8
779,Customer#000000779,15,AUTOMOBILE,1297.0
780,Customer#000000780,3,MACHINERY,369.62
781,Customer#000000781,21,HOUSEHOLD,9508.23
782,Customer#000000782,15,MACHINERY,4327.01
783,Customer#000000783,3,FURNITURE,8199.83
784,Customer#000000784,7,AUTOMOBILE,1695.71
785,Customer#000000785,15,MACHINERY,5117.75
786,Customer#000000786,5,AUTOMOBILE,9035.29
787,Customer#000000787,8,MACHINERY,9823.49
788,Customer#000000788,14,FURNITURE,9378.0
789,Customer#000000789,24,BUILDING,8748.32
790,Customer#000000790,5,BUILDING,4453.34
791,Customer#000000791,3,BUILDING,-497.27
792,Customer#000000792,1,HOUSEHOLD,8736.93
793,Customer#000000793,13,BUILDING,725.55
794,Customer#000000794,5,HOUSEHOLD,4474.4
795,Customer#000000795,8,FURNITURE,-612.4
796,Customer#000000796,11,MACHINERY,3485.79
797,Customer#000000797,14,MACHINERY,4019.17
798,Customer#000000798,10,BUILDING,5201.79
799,Customer#000000799,22,MACHINERY,7799.76
800,Customer#000000800,14,MACHINERY,3646.97
801,Customer#000000801,9,BUILDING,9781.59
802,Customer#000000802,3,BUILDING,8365.43
803,Customer#000000803,20,MACHINERY,1630.31
804,Customer#000000804,3,AUTOMOBILE,6144.22
805,Customer#000000805,14,BUILDING,8680.43
806,Customer#000000806,22,BUILDING,5509.06
807,Customer#000000807,2,AUTOMOBILE,6684.5
808,Customer#000000808,19,MACHINERY,8268.96
809,Customer#000000809,9,HOUSEHOLD,1896.42
810,Customer#000000810,1,FURNITURE,4353.1
811,Customer#000000811,15,MACHINERY,1607.52
812,Customer#000000812,1,BUILDING,3894.74
813,Customer#000000813,14,HOUSEHOLD,5940.77
814,Customer#000000814,14,FURNITURE,521.17
815,Customer#000000815,13,FURNITURE,920.17
816,Customer#000000816,18,HOUSEHOLD,9500.28
817,Customer#000000817,16,FURNITURE,6935.07
818,Customer#000000818,17,BUILDING,1255.27
819,Customer#000000819,3,AUTOMOBILE,2266.71
820,Customer#000000820,22,FURNITURE,8506.16
821,Customer#000000821,12,AUTOMOBILE,4176.54
822,Customer#000000822,7,FURNITURE,870.35
823,Customer#000000823,24,BUILDING,2833.96
824,Customer#000000824,21,HOUSEHOLD,4523.86
825,Customer#000000825,10,MACHINERY,-949.82
826,Customer#000000826,22,HOUSEHOLD,4575.36
827,Customer#000000827,2,BUILDING,7310.11
828,Customer#000000828,13,AUTOMOBILE,3790.0
829,Customer#000000829,11,MACHINERY,-818.86
830,Customer#000000830,13,HOUSEHOLD,259.07
831,Customer#000000831,8,HOUSEHOLD,1285.47
832,Customer#000000832,14,MACHINERY,-570.34
833,Customer#000000833,4,FURNITURE,133.76
834,Customer#000000834,9,AUTOMOBILE,2423.59
835,Customer#000000835,5,HOUSEHOLD,5145.8
836,Customer#000000836,5,AUTOMOBILE,-780.87
837,Customer#000000837,19,AUTOMOBILE,2339.38
838,Customer#000000838,3,FURNITURE,9371.27
839,Customer#000000839,0,FURNITURE,9457.26
840,Customer#000000840,10,HOUSEHOLD,1798.02
841,Customer#000000841,1,HOUSEHOLD,5744.7
842,Customer#000000842,22,MACHINERY,314.75
843,Customer#000000843,20,FURNITURE,4423.66
844,Customer#000000844,15,MACHINERY,5095.58
845,Customer#000000845,12,HOUSEHOLD,4892.8
846,Customer#000000846,14,MACHINERY,6796.35
847,Customer#000000847,16,MACHINERY,9481.59
848,Customer#000000848,1,BUILDING,7197.72
849,Customer#000000849,9,MACHINERY,-248.16
850,Customer#000000850,7,HOUSEHOLD,9433.86
851,Customer#000000851,24,AUTOMOBILE,7760.62
852,Customer#000000852,16,HOUSEHOLD,7498.06
853,Customer#000000853,23,HOUSEHOLD,1490.13
854,Customer#000000854,21,AUTOMOBILE,1328.2
855,Customer#000000855,24,FURNITURE,-646.07
856,Customer#000000856,0,BUILDING,1393.31
857,Customer#000000857,13,HOUSEHOLD,602.64
858,Customer#000000858,24,AUTOMOBILE,2581.62
859,Customer#000000859,9,MACHINERY,4230.2
860,Customer#000000860,14,AUTOMOBILE,929.91
861,Customer#000000861,18,MACHINERY,2689.07
862,Customer#000000862,0,HOUSEHOLD,8254.12
863,Customer#000000863,9,BUILDING,3858.02
864,Customer#000000864,2,BUILDING,1122.18
865,Customer#000000865,19,AUTOMOBILE,1367.88
866,Customer#000000866,6,AUTOMOBILE,9628.43
867,Customer#000000867,16,AUTOMOBILE,7133.08
868,Customer#000000868,17,BUILDING,5388.99
869,Customer#000000869,23,BUILDING,6471.89
870,Customer#000000870,20,BUILDING,2672.2
871,Customer#000000871,1,MACHINERY,5645.89
872,Customer#000000872,5,AUTOMOBILE,6298.16
873,Customer#000000873,18,AUTOMOBILE,7732.4
874,Customer#000000874,23,BUILDING,6598.99
875,Customer#000000875,12,FURNITURE,8841.07
876,Customer#000000876,3,MACHINERY,7962.86
877,Customer#000000877,23,MACHINERY,9125.39
878,Customer#000000878,24,MACHINERY,1757.61
879,Customer#000000879,3,MACHINERY,2042.96
880,Customer#000000880,21,BUILDING,9084.05
881,Customer#000000881,18,MACHINERY,7843.41
882,Customer#000000882,17,AUTOMOBILE,3450.59
883,Customer#000000883,14,AUTOMOBILE,7473.45
884,Customer#000000884,14,MACHINERY,2137.11
885,Customer#000000885,10,AUTOMOBILE,9777.6
886,Customer#000000886,18,MACHINERY,5845.13
887,Customer#000000887,1,HOUSEHOLD,3561.84
888,Customer#000000888,15,AUTOMOBILE,1581.13
889,Customer#000000889,22,FURNITURE,944.04
890,Customer#000000890,1,BUILDING,9796.53
891,Customer#000000891,4,BUILDING,5514.31
892,Customer#000000892,5,BUILDING,1676.89
893,Customer#000000893,0,MACHINERY,8603.63
894,Customer#000000894,20,FURNITURE,-88.48
895,Customer#000000895,0,MACHINERY,-38.94
896,Customer#000000896,14,FURNITURE,8367.03
897,Customer#000000897,20,FURNITURE,9575.79
898,Customer#000000898,19,BUILDING,938.79
899,Customer#000000899,8,AUTOMOBILE,324.48
900,Customer#000000900,9,MACHINERY,7785.25
901,Customer#000000901,7,HOUSEHOLD,9072.81
902,Customer#000000902,6,FURNITURE,4577.55
903,Customer#000000903,13,AUTOMOBILE,-52.79
904,Customer#000000904,4,AUTOMOBILE,5247.33
905,Customer#000000905,9,AUTOMOBILE,3019.4
906,Customer#000000906,5,HOUSEHOLD,-842.06
907,Customer#000000907,10,BUILDING,8003.22
908,Customer#000000908,23,AUTOMOBILE,139.0
909,Customer#000000909,7,BUILDING,7460.27
910,Customer#000000910,0,BUILDING,7945.29
911,Customer#000000911,18,MACHINERY,7212.83
912,Customer#000000912,10,BUILDING,8436.5
913,Customer#000000913,9,FURNITURE,4011.04
914,Customer#000000914,3,AUTOMOBILE,8463.02
915,Customer#000000915,7,MACHINERY,9826.38
916,Customer#000000916,9,HOUSEHOLD,1131.4
917,Customer#000000917,12,BUILDING,6477.66
918,Customer#000000918,6,HOUSEHOLD,7930.92
919,Customer#000000919,17,AUTOMOBILE,4600.39
920,Customer#000000920,7,FURNITURE,4932.08
921,Customer#000000921,23,HOUSEHOLD,9904.77
922,Customer#000000922,11,AUTOMOBILE,9364.69
923,Customer#000000923,13,BUILDING,8735.07
924,Customer#000000924,21,BUILDING,5041.3
925,Customer#000000925,0,FURNITURE,-269.03
926,Customer#000000926,7,HOUSEHOLD,9572.43
927,Customer#000000927,6,FURNITURE,3205.93
928,Customer#000000928,5,HOUSEHOLD,5986.25
929,Customer#000000929,3,HOUSEHOLD,7676.59
930,Customer#000000930,2,HOUSEHOLD,-28.83
931,Customer#000000931,13,HOUSEHOLD,4599.37
932,Customer#000000932,4,HOUSEHOLD,2693.71
933,Customer#000000933,23,FURNITURE,415.18
934,Customer#000000934,12,FURNITURE,4328.12
935,Customer#000000935,20,HOUSEHOLD,167.21
936,Customer#000000936,21,AUTOMOBILE,8403.65
937,Customer#000000937,5,MACHINERY,4929.96
938,Customer#000000938,19,HOUSEHOLD,9696.32
939,Customer#000000939,9,FURNITURE,6968.96
940,Customer#000000940,21,HOUSEHOLD,1730.51
941,Customer#000000941,12,BUILDING,9535.84
942,Customer#000000942,13,BUILDING,7364.94
943,Customer#000000943,11,HOUSEHOLD,9669.94
944,Customer#000000944,17,AUTOMOBILE,5564.31
945,Customer#000000945,22,FURNITURE,630.66
946,Customer#000000946,4,MACHINERY,7358.36
947,Customer#000000947,15,HOUSEHOLD,6902.22
948,Customer#000000948,20,BUILDING,9840.24
949,Customer#000000949,23,MACHINERY,2498.06
950,Customer#000000950,19,MACHINERY,9991.02
951,Customer#000000951,18,HOUSEHOLD,0.76
952,Customer#000000952,20,BUILDING,4663.33
953,Customer#000000953,2,HOUSEHOLD,6623.83
954,Customer#000000954,12,FURNITURE,7259.33
955,Customer#000000955,1,BUILDING,4659.09
956,Customer#000000956,24,MACHINERY,1365.94
957,Customer#000000957,23,MACHINERY,9973.48
958,Customer#000000958,10,BUILDING,1810.13
959,Customer#000000959,5,AUTOMOBILE,5049.16
960,Customer#000000960,5,BUILDING,2066.75
961,Customer#000000961,0,HOUSEHOLD,561.98
962,Customer#000000962,15,AUTOMOBILE,658.5
963,Customer#000000963,13,AUTOMOBILE,9445.26
964,Customer#000000964,23,AUTOMOBILE,7594.53
965,Customer#000000965,16,BUILDING,2386.94
966,Customer#000000966,16,HOUSEHOLD,1925.88
967,Customer#000000967,14,HOUSEHOLD,1121.11
968,Customer#000000968,8,FURNITURE,1713.13
969,Customer#000000969,20,BUILDING,5771.67
970,Customer#000000970,6,MACHINERY,9007.18
971,Customer#000000971,20,HOUSEHOLD,6471.1
972,Customer#000000972,4,FURNITURE,6000.09
973,Customer#000000973,0,AUTOMOBILE,7177.24
974,Customer#000000974,22,BUILDING,4212.59
975,Customer#000000975,11,AUTOMOBILE,1023.7
976,Customer#000000976,17,BUILDING,1975.22
977,Customer#000000977,3,AUTOMOBILE,7676.47
978,Customer#000000978,10,FURNITURE,-871.44
979,Customer#000000979,2,BUILDING,7124.46
980,Customer#000000980,24,AUTOMOBILE,-408.09
981,Customer#000000981,12,BUILDING,9149.91
982,Customer#000000982,13,AUTOMOBILE,1202.15
983,Customer#000000983,19,AUTOMOBILE,1025.35
984,Customer#000000984,13,HOUSEHOLD,4554.28
985,Customer#000000985,4,AUTOMOBILE,2496.92
986,Customer#000000986,2,FURNITURE,6508.67
987,Customer#000000987,23,BUILDING,2263.7
988,Customer#000000988,8,MACHINERY,-280.43
989,Customer#000000989,7,BUILDING,-420.74
990,Customer#000000990,18,FURNITURE,4899.82
991,Customer#000000991,15,BUILDING,8473.48
992,Customer#000000992,1,FURNITURE,7207.74
993,Customer#000000993,22,AUTOMOBILE,-309.45
994,Customer#000000994,20,FURNITURE,3980.66
995,Customer#000000995,10,FURNITURE,-340.81
996,Customer#000000996,17,BUILDING,714.56
997,Customer#000000997,17,AUTOMOBILE,8770.39
998,Customer#000000998,9,FURNITURE,7872.6
999,Customer#000000999,0,AUTOMOBILE,4970.7
1000,Customer#000001000,19,FURNITURE,6452.06
